Jenis Sampah,Metode Pengolahan,Kategori,Deskripsi
Alas Kaki,Donasi,Sosial,"Jika alas kaki masih dalam kondisi layak pakai, pertimbangkan untuk menyumbangkannya ke organisasi amal, panti asuhan, atau komunitas yang membutuhkan. Ini memberikan manfaat langsung kepada masyarakat yang kekurangan."
Alas Kaki,Daur Ulang Karet,Recycle,"Alas kaki berbahan dasar karet dapat dikirim ke fasilitas daur ulang yang mengolah karet menjadi bahan baku untuk alas olahraga, ubin karet, atau pelapis jalan."
Alas Kaki,Kerajinan Ulang,Upcycle,"Alas kaki bekas, terutama berbahan unik atau warna mencolok, dapat dijadikan bahan kerajinan seperti pot tanaman gantung, dekorasi taman, atau karya seni."
Alas Kaki,Reparasi dan Gunakan Kembali,Reuse,"Jika kerusakan tidak terlalu parah, alas kaki bisa diperbaiki dan digunakan kembali, misalnya dengan menjahit bagian sobek atau mengganti sol."
Alas Kaki,Penggilingan Industri,Recycle,"Dalam skala besar, alas kaki dapat digiling untuk diambil materialnya dan digunakan kembali dalam proses manufaktur alas kaki baru atau produk serupa."
Alas Kaki,Energi dari Limbah,Energi,Sebagian bahan sintetis dari alas kaki dapat dijadikan bahan bakar alternatif melalui proses insinerasi di fasilitas WtE (Waste to Energy).
Daun,Komposting,Organik,"Daun kering dan basah merupakan bahan organik yang sangat cocok untuk kompos rumah tangga atau kompos skala industri, memperkaya tanah dengan unsur hara alami."
Daun,Pembuatan Mulsa,Pertanian,"Daun kering dapat dijadikan mulsa, yaitu lapisan penutup tanah yang membantu mempertahankan kelembaban, mengurangi erosi, dan menghambat pertumbuhan gulma."
Daun,Bioenergi,Energi,"Daun yang dikumpulkan dalam jumlah besar dapat digunakan dalam biodigester untuk menghasilkan biogas, sebagai sumber energi terbarukan."
Daun,Pakan Ternak,Pertanian,Beberapa jenis daun (misalnya daun pisang atau singkong) dapat dimanfaatkan sebagai pakan alternatif untuk hewan ternak.
Daun,Bahan Baku Kertas Daur Ulang,Recycle,"Dalam penelitian tertentu, daun telah dimanfaatkan sebagai bahan dasar untuk pembuatan kertas daur ulang atau kemasan ramah lingkungan."
Kaca,Daur Ulang Kaca,Recycle,"Kaca yang bersih dapat dilebur kembali menjadi produk kaca baru seperti botol, jendela, atau peralatan dapur. Ini menghemat energi dibanding membuat kaca dari bahan mentah."
Kaca,Pembuatan Kerajinan Mozaik,Upcycle,"Pecahan kaca dapat dimanfaatkan sebagai bahan untuk kerajinan seni mozaik, dekorasi taman, atau furnitur beraksen kaca."
Kaca,Penggunaan Ulang,Reuse,"Botol dan wadah kaca yang masih utuh bisa digunakan kembali untuk menyimpan makanan, bumbu dapur, atau air minum."
Kaca,Bahan Campuran Konstruksi,Konstruksi,Serpihan kaca dapat digunakan sebagai agregat dalam beton untuk meningkatkan kekuatan serta tampilan estetis permukaan bangunan.
Kaca,Ekspor Bahan Baku,Industri,"Di beberapa negara, kaca bekas dikumpulkan dan diekspor sebagai bahan baku untuk pabrik kaca luar negeri."
Kain Pakaian,Donasi Sosial,Sosial,"Pakaian layak pakai bisa disumbangkan ke lembaga kemanusiaan, panti asuhan, atau komunitas pengungsi, memberikan manfaat langsung pada yang membutuhkan."
Kain Pakaian,Daur Ulang Tekstil,Recycle,"Pakaian rusak dapat dihancurkan menjadi serat baru untuk dijadikan bahan isolasi, karpet, atau pelapis kendaraan."
Kain Pakaian,Pembuatan Tas dan Aksesori,Upcycle,"Potongan kain bisa diolah menjadi barang baru seperti tas belanja ramah lingkungan, boneka, atau selimut tambal sulam."
Kain Pakaian,Pembersih Industri,Reuse,Pakaian yang tidak bisa dipakai lagi dapat dipotong menjadi kain lap untuk keperluan pembersihan di bengkel atau pabrik.
Kain Pakaian,Kompos Tekstil Alami,Organik,"Kain berbahan alami (seperti katun, linen, wol) bisa dikomposkan jika tidak mengandung bahan kimia sintetis."
Kain Pakaian,Bank Pakaian,Kolektif,Beberapa komunitas menyediakan bank pakaian untuk redistribusi atau upcycle kolektif.
Kardus,Daur Ulang Menjadi Kertas Baru,Recycle,"Kardus bekas dapat dikumpulkan dan dikirim ke fasilitas daur ulang di mana mereka akan dihancurkan, dicampur dengan air untuk membentuk bubur kertas, disaring dari tinta atau perekat, dan kemudian dicetak kembali menjadi lembaran kertas baru atau produk kardus daur ulang. Ini adalah metode ramah lingkungan yang mengurangi kebutuhan akan kayu baru dan membantu menyelamatkan pohon."
Kardus,Gunakan Ulang untuk Pengemasan,Reuse,"Kardus yang masih dalam kondisi baik dapat digunakan kembali untuk keperluan pengemasan barang, baik dalam skala rumah tangga maupun bisnis. Ini mengurangi limbah sekaligus menghemat biaya."
Kardus,Bahan Kerajinan Anak,Upcycle,"Kardus bisa dijadikan bahan kreatif untuk proyek kerajinan anak-anak di sekolah atau rumah, seperti membuat rumah-rumahan, kendaraan mainan, atau dekorasi tematik, yang juga mendorong pendidikan lingkungan."
Kardus,Komposting Terbatas,Organik,Kardus cokelat polos tanpa tinta atau pelapis plastik dapat dipotong kecil-kecil dan ditambahkan ke kompos sebagai bahan karbon (coklat) yang membantu menyeimbangkan kompos organik yang kaya nitrogen.
Kayu,Daur Ulang menjadi Furnitur,Recycle,"Kayu bekas dari palet, peti kemas, atau bangunan tua bisa dikumpulkan, dibersihkan, dan dimodifikasi menjadi furnitur baru seperti meja, rak, atau kursi. Ini tidak hanya menghemat sumber daya alam tetapi juga mendorong penggunaan kayu berkelanjutan."
Kayu,Penggunaan sebagai Bahan Bakar,Energi,"Kayu kering yang tidak terkontaminasi dapat digunakan sebagai bahan bakar alternatif di perapian, tungku biomassa, atau industri yang menggunakan sistem pembakaran. Ini merupakan sumber energi terbarukan bila digunakan secara berkelanjutan."
Kayu,Pembuatan Mulsa Kayu,Pertanian,Kayu dapat dihancurkan menjadi serpihan untuk digunakan sebagai mulsa dalam pertanian atau taman. Mulsa kayu membantu mempertahankan kelembaban tanah dan menghambat pertumbuhan gulma.
Kayu,Kerajinan Tangan dan Dekorasi,Upcycle,"Potongan kayu kecil dapat digunakan untuk membuat pernak-pernik dekorasi rumah, ukiran seni, atau alat bantu edukatif di sekolah. Ini memberi nilai tambah dari sisa bahan bangunan atau mebel lama."
Kertas,Daur Ulang Menjadi Kertas Baru,Recycle,"Kertas bekas dapat dihancurkan dan dijadikan bubur kertas untuk dicetak ulang menjadi kertas baru, mengurangi ketergantungan pada kayu sebagai bahan mentah dan menurunkan emisi dari industri pulp dan kertas."
Kertas,Digunakan Ulang sebagai Kertas Buram,Reuse,"Kertas yang hanya tercetak satu sisi masih dapat digunakan sebagai kertas buram atau draf untuk mencatat, menggambar, atau tugas rumah tangga lainnya."
Kertas,Kompos Organik,Organik,Kertas tanpa tinta berbahaya dapat dimasukkan ke kompos sebagai sumber karbon. Ini membantu proses pengomposan lebih seimbang dan efisien.
Kertas,Pembuatan Bahan Bakar Briket,Energi,"Kertas bekas dapat diolah menjadi briket sebagai bahan bakar alternatif untuk memasak, terutama di daerah yang sulit mendapatkan energi komersial."
Logam,Daur Ulang di Industri Peleburan,Recycle,"Logam seperti aluminium dan baja sangat berharga dan mudah didaur ulang. Logam bekas dikumpulkan, dilebur, dan dicetak kembali menjadi produk baru seperti kaleng, suku cadang otomotif, atau bahan bangunan."
Logam,Penggunaan Kembali untuk Kerajinan,Upcycle,"Beberapa logam seperti kaleng dapat dibersihkan dan dimodifikasi menjadi tempat alat tulis, pot bunga, atau kerajinan dekoratif, mengurangi limbah dan memberi nilai estetika."
Logam,Pemanfaatan dalam Proyek STEM,Edukasi,"Potongan logam dapat digunakan sebagai bahan eksperimen dalam pendidikan sains dan teknologi, seperti magnetisme, penghantar listrik, atau robotik sederhana."
Logam,Pembuatan Alat Tukang Sederhana,Reuse,Logam yang cukup kuat bisa dipotong dan diasah untuk dijadikan alat bantu pertukangan atau pertanian skala kecil.
Plastik,Ecobrick,Recycle,Memadatkan sampah plastik bersih dan kering ke dalam botol plastik hingga keras. Ecobrick dapat digunakan sebagai material bangunan alternatif untuk struktur non-struktural.
Plastik,Pemulihan Energi,Energi,Plastik memiliki nilai kalori tinggi dan bisa dibakar dalam insinerator khusus untuk menghasilkan energi (listrik atau panas). Proses ini perlu dilakukan dengan teknologi yang tepat untuk mengendalikan emisi.
Plastik,Pengurangan,Reduce,"Cara terbaik adalah mengurangi penggunaan plastik sejak awal. Pilih produk dengan kemasan minimal atau tanpa plastik, bawa tas belanja sendiri, dan hindari plastik sekali pakai."
Plastik,Daur Ulang Industri,Recycle,"Plastik diklasifikasikan berdasarkan resin-nya (kode 1-7), lalu diproses sesuai jenis: PET, HDPE, dll. Setelah dibersihkan, plastik dilelehkan untuk dijadikan produk baru seperti ember, kursi, atau serat tekstil."
Sampah Elektronik,Pemulihan Komponen Elektronik,Recycle,"Perangkat elektronik seperti ponsel, komputer, dan TV mengandung logam langka (seperti emas, tembaga, dan lithium) yang bisa dipisahkan dan digunakan kembali di industri teknologi baru."
Sampah Elektronik,Donasi atau Refurbish,Reuse,Perangkat yang masih bisa diperbaiki dapat disumbangkan ke sekolah atau komunitas untuk dimanfaatkan kembali setelah diperbarui (refurbished).
Sampah Elektronik,Pengumpulan di E-Waste Center,Industri,Banyak kota menyediakan pusat pengumpulan limbah elektronik tempat masyarakat bisa membuang perangkat elektronik dengan aman untuk pengolahan yang bertanggung jawab.
Sampah Elektronik,Penghancuran Data Aman,Keamanan,"Sebelum mendaur ulang perangkat elektronik, penting untuk memastikan semua data dihapus dengan aman melalui proses digital wiping atau penghancuran fisik hard drive."
Sampah makanan,Komposting Rumah Tangga,Organik,"Sisa makanan seperti sayur, buah, nasi, dan kulit telur bisa dikomposkan di rumah untuk menghasilkan pupuk alami yang subur dan membantu mengurangi volume sampah organik ke TPA."
Sampah makanan,Biodigester untuk Biogas,Energi,"Sampah organik dapat dimasukkan ke dalam biodigester anaerobik yang mengubahnya menjadi gas metana, sumber energi yang dapat digunakan untuk memasak atau penerangan rumah."
Sampah makanan,Bank Makanan,Sosial,Makanan layak konsumsi yang berlebih dari restoran atau toko bisa disumbangkan ke bank makanan untuk didistribusikan ke masyarakat yang membutuhkan.
Sampah makanan,Pakan Ternak,Pertanian,"Sisa makanan yang belum tercemar atau rusak bisa digunakan sebagai pakan ternak untuk ayam, kambing, atau babi, mengurangi limbah sekaligus menekan biaya peternakan."
Sterofoam,Penggunaan Ulang sebagai Isolasi,Reuse,Styrofoam bekas bisa digunakan kembali sebagai bahan isolasi suara atau panas pada bangunan kecil atau perabot rumah tangga sederhana.
Sterofoam,Daur Ulang Khusus dengan Pelarut,Recycle,"Karena sulit didaur ulang biasa, styrofoam dapat dilarutkan dalam pelarut kimia khusus untuk mengembalikannya ke bentuk polistirena yang bisa dicetak ulang."
Sterofoam,Pembuatan Model Edukasi,Upcycle,"Potongan styrofoam sering digunakan untuk membuat model pelajaran seperti bentuk molekul, tata surya, atau bangunan sejarah di sekolah-sekolah."
Sterofoam,Pengiriman Ulang sebagai Pelindung,Reuse,Styrofoam bisa digunakan kembali untuk membungkus barang elektronik atau pecah belah dalam pengiriman sebagai bantalan pelindung.
